[{"model": "admin.logentry", "pk": 1, "fields": {"action_time": "2023-04-23T20:56:46.091Z", "user": 1, "content_type": 6, "object_id": "2", "object_repr": "rishabh566@live.com", "action_flag": 2, "change_message": "[{\"changed\": {\"fields\": [\"Is active\"]}}]"}}, {"model": "admin.logentry", "pk": 2, "fields": {"action_time": "2023-04-23T20:58:25.524Z", "user": 1, "content_type": 6, "object_id": "3", "object_repr": "restaurant566@live.com", "action_flag": 2, "change_message": "[{\"changed\": {\"fields\": [\"Is active\"]}}]"}}, {"model": "admin.logentry", "pk": 3, "fields": {"action_time": "2023-04-23T21:25:51.099Z", "user": 1, "content_type": 6, "object_id": "2", "object_repr": "rishabh566@live.com", "action_flag": 3, "change_message": ""}}, {"model": "admin.logentry", "pk": 4, "fields": {"action_time": "2023-04-23T21:31:36.643Z", "user": 1, "content_type": 6, "object_id": "4", "object_repr": "rishabh566@live.com", "action_flag": 3, "change_message": ""}}, {"model": "admin.logentry", "pk": 5, "fields": {"action_time": "2023-04-23T21:32:56.745Z", "user": 1, "content_type": 6, "object_id": "5", "object_repr": "rishabh566@live.com", "action_flag": 3, "change_message": ""}}, {"model": "admin.logentry", "pk": 6, "fields": {"action_time": "2023-04-24T00:42:56.701Z", "user": 1, "content_type": 8, "object_id": "2", "object_repr": "RedHotChilliPepper", "action_flag": 2, "change_message": "[]"}}, {"model": "admin.logentry", "pk": 7, "fields": {"action_time": "2023-04-24T00:44:05.008Z", "user": 1, "content_type": 8, "object_id": "2", "object_repr": "RedHotChilliPepper", "action_flag": 2, "change_message": "[{\"changed\": {\"fields\": [\"Is approved\"]}}]"}}, {"model": "admin.logentry", "pk": 8, "fields": {"action_time": "2023-04-24T00:44:52.506Z", "user": 1, "content_type": 8, "object_id": "2", "object_repr": "RedHotChilliPepper", "action_flag": 2, "change_message": "[{\"changed\": {\"fields\": [\"Is approved\"]}}]"}}, {"model": "admin.logentry", "pk": 9, "fields": {"action_time": "2023-04-24T11:31:10.769Z", "user": 1, "content_type": 7, "object_id": "7", "object_repr": "rishabh.sinha2021@outlook.com", "action_flag": 2, "change_message": "[{\"changed\": {\"fields\": [\"Profile picture\", \"Cover photo\", \"Address line 1\", \"Address line 2\", \"Country\", \"City\", \"Eir code\"]}}]"}}, {"model": "admin.logentry", "pk": 10, "fields": {"action_time": "2023-04-24T14:47:14.389Z", "user": 1, "content_type": 7, "object_id": "7", "object_repr": "rishabh.sinha2021@outlook.com", "action_flag": 2, "change_message": "[{\"changed\": {\"fields\": [\"Address\"]}}]"}}, {"model": "admin.logentry", "pk": 11, "fields": {"action_time": "2023-04-24T16:53:10.302Z", "user": 1, "content_type": 9, "object_id": "1", "object_repr": "Pizza", "action_flag": 1, "change_message": "[{\"added\": {}}]"}}, {"model": "admin.logentry", "pk": 12, "fields": {"action_time": "2023-04-24T16:54:55.983Z", "user": 1, "content_type": 9, "object_id": "2", "object_repr": "Burger", "action_flag": 1, "change_message": "[{\"added\": {}}]"}}, {"model": "admin.logentry", "pk": 13, "fields": {"action_time": "2023-04-24T16:55:15.663Z", "user": 1, "content_type": 9, "object_id": "3", "object_repr": "Sea food", "action_flag": 1, "change_message": "[{\"added\": {}}]"}}, {"model": "admin.logentry", "pk": 14, "fields": {"action_time": "2023-04-24T16:55:36.378Z", "user": 1, "content_type": 9, "object_id": "4", "object_repr": "Vegeterian", "action_flag": 1, "change_message": "[{\"added\": {}}]"}}, {"model": "admin.logentry", "pk": 15, "fields": {"action_time": "2023-04-24T16:59:03.563Z", "user": 1, "content_type": 10, "object_id": "1", "object_repr": "Chicken Burger", "action_flag": 1, "change_message": "[{\"added\": {}}]"}}, {"model": "admin.logentry", "pk": 16, "fields": {"action_time": "2023-04-24T17:03:23.538Z", "user": 1, "content_type": 9, "object_id": "4", "object_repr": "Vegeterian", "action_flag": 3, "change_message": ""}}, {"model": "admin.logentry", "pk": 17, "fields": {"action_time": "2023-04-24T17:03:23.542Z", "user": 1, "content_type": 9, "object_id": "3", "object_repr": "Sea food", "action_flag": 3, "change_message": ""}}, {"model": "admin.logentry", "pk": 18, "fields": {"action_time": "2023-04-24T17:03:23.543Z", "user": 1, "content_type": 9, "object_id": "2", "object_repr": "Burger", "action_flag": 3, "change_message": ""}}, {"model": "admin.logentry", "pk": 19, "fields": {"action_time": "2023-04-24T17:03:23.545Z", "user": 1, "content_type": 9, "object_id": "1", "object_repr": "Pizza", "action_flag": 3, "change_message": ""}}, {"model": "admin.logentry", "pk": 20, "fields": {"action_time": "2023-04-24T17:03:38.416Z", "user": 1, "content_type": 9, "object_id": "5", "object_repr": "Appetizers", "action_flag": 1, "change_message": "[{\"added\": {}}]"}}, {"model": "admin.logentry", "pk": 21, "fields": {"action_time": "2023-04-24T17:03:53.862Z", "user": 1, "content_type": 9, "object_id": "6", "object_repr": "Soups and salads", "action_flag": 1, "change_message": "[{\"added\": {}}]"}}, {"model": "admin.logentry", "pk": 22, "fields": {"action_time": "2023-04-24T17:04:06.938Z", "user": 1, "content_type": 9, "object_id": "7", "object_repr": "Main course", "action_flag": 1, "change_message": "[{\"added\": {}}]"}}, {"model": "admin.logentry", "pk": 23, "fields": {"action_time": "2023-04-24T17:04:22.136Z", "user": 1, "content_type": 9, "object_id": "8", "object_repr": "Side dishes", "action_flag": 1, "change_message": "[{\"added\": {}}]"}}, {"model": "admin.logentry", "pk": 24, "fields": {"action_time": "2023-04-24T17:04:35.535Z", "user": 1, "content_type": 9, "object_id": "9", "object_repr": "Desserts", "action_flag": 1, "change_message": "[{\"added\": {}}]"}}, {"model": "admin.logentry", "pk": 25, "fields": {"action_time": "2023-04-24T17:05:51.915Z", "user": 1, "content_type": 10, "object_id": "2", "object_repr": "Paneer Tikka", "action_flag": 1, "change_message": "[{\"added\": {}}]"}}, {"model": "admin.logentry", "pk": 26, "fields": {"action_time": "2023-04-24T17:07:14.783Z", "user": 1, "content_type": 10, "object_id": "3", "object_repr": "Bruschetta", "action_flag": 1, "change_message": "[{\"added\": {}}]"}}, {"model": "admin.logentry", "pk": 27, "fields": {"action_time": "2023-04-24T17:08:28.291Z", "user": 1, "content_type": 10, "object_id": "4", "object_repr": "Spring Rolls", "action_flag": 1, "change_message": "[{\"added\": {}}]"}}, {"model": "admin.logentry", "pk": 28, "fields": {"action_time": "2023-04-24T17:10:11.288Z", "user": 1, "content_type": 10, "object_id": "5", "object_repr": "Galouti Kebab", "action_flag": 1, "change_message": "[{\"added\": {}}]"}}, {"model": "admin.logentry", "pk": 29, "fields": {"action_time": "2023-04-24T17:11:21.551Z", "user": 1, "content_type": 10, "object_id": "6", "object_repr": "Minestrone Soup", "action_flag": 1, "change_message": "[{\"added\": {}}]"}}, {"model": "admin.logentry", "pk": 30, "fields": {"action_time": "2023-04-24T17:12:51.053Z", "user": 1, "content_type": 10, "object_id": "7", "object_repr": "Veg Soup", "action_flag": 1, "change_message": "[{\"added\": {}}]"}}, {"model": "admin.logentry", "pk": 31, "fields": {"action_time": "2023-04-24T17:13:56.311Z", "user": 1, "content_type": 10, "object_id": "8", "object_repr": "Caesar Salad", "action_flag": 1, "change_message": "[{\"added\": {}}]"}}, {"model": "admin.logentry", "pk": 32, "fields": {"action_time": "2023-04-24T17:15:58.328Z", "user": 1, "content_type": 10, "object_id": "9", "object_repr": "Butter Chicken", "action_flag": 1, "change_message": "[{\"added\": {}}]"}}, {"model": "admin.logentry", "pk": 33, "fields": {"action_time": "2023-04-24T17:16:56.824Z", "user": 1, "content_type": 10, "object_id": "10", "object_repr": "Margherita Pizza", "action_flag": 1, "change_message": "[{\"added\": {}}]"}}, {"model": "admin.logentry", "pk": 34, "fields": {"action_time": "2023-04-24T17:17:53.889Z", "user": 1, "content_type": 10, "object_id": "11", "object_repr": "Aloo Gobi", "action_flag": 1, "change_message": "[{\"added\": {}}]"}}, {"model": "admin.logentry", "pk": 35, "fields": {"action_time": "2023-04-24T17:19:01.651Z", "user": 1, "content_type": 10, "object_id": "12", "object_repr": "Ratatouille", "action_flag": 1, "change_message": "[{\"added\": {}}]"}}, {"model": "admin.logentry", "pk": 36, "fields": {"action_time": "2023-04-24T17:20:17.993Z", "user": 1, "content_type": 10, "object_id": "13", "object_repr": "Hakka Noodles", "action_flag": 1, "change_message": "[{\"added\": {}}]"}}, {"model": "admin.logentry", "pk": 37, "fields": {"action_time": "2023-04-24T17:21:29.197Z", "user": 1, "content_type": 10, "object_id": "14", "object_repr": "Gulab Jamun", "action_flag": 1, "change_message": "[{\"added\": {}}]"}}, {"model": "admin.logentry", "pk": 38, "fields": {"action_time": "2023-04-24T17:22:50.238Z", "user": 1, "content_type": 10, "object_id": "15", "object_repr": "Crème Brûlée", "action_flag": 1, "change_message": "[{\"added\": {}}]"}}, {"model": "admin.logentry", "pk": 39, "fields": {"action_time": "2023-04-24T17:23:52.589Z", "user": 1, "content_type": 10, "object_id": "16", "object_repr": "Mango Sticky Rice", "action_flag": 1, "change_message": "[{\"added\": {}}]"}}, {"model": "admin.logentry", "pk": 40, "fields": {"action_time": "2023-04-24T18:15:26.902Z", "user": 1, "content_type": 9, "object_id": "5", "object_repr": "Appetizers", "action_flag": 2, "change_message": "[{\"changed\": {\"fields\": [\"Description\"]}}]"}}, {"model": "admin.logentry", "pk": 41, "fields": {"action_time": "2023-04-24T18:16:55.614Z", "user": 1, "content_type": 9, "object_id": "5", "object_repr": "Appetizers", "action_flag": 2, "change_message": "[{\"changed\": {\"fields\": [\"Description\"]}}]"}}, {"model": "admin.logentry", "pk": 42, "fields": {"action_time": "2023-04-24T18:17:40.322Z", "user": 1, "content_type": 9, "object_id": "6", "object_repr": "Soups and salads", "action_flag": 2, "change_message": "[{\"changed\": {\"fields\": [\"Description\"]}}]"}}, {"model": "admin.logentry", "pk": 43, "fields": {"action_time": "2023-04-24T18:17:57.356Z", "user": 1, "content_type": 9, "object_id": "7", "object_repr": "Main course", "action_flag": 2, "change_message": "[{\"changed\": {\"fields\": [\"Description\"]}}]"}}, {"model": "admin.logentry", "pk": 44, "fields": {"action_time": "2023-04-24T18:18:18.844Z", "user": 1, "content_type": 9, "object_id": "8", "object_repr": "Side dishes", "action_flag": 2, "change_message": "[{\"changed\": {\"fields\": [\"Description\"]}}]"}}, {"model": "admin.logentry", "pk": 45, "fields": {"action_time": "2023-04-24T18:18:28.719Z", "user": 1, "content_type": 9, "object_id": "9", "object_repr": "Desserts", "action_flag": 2, "change_message": "[{\"changed\": {\"fields\": [\"Description\"]}}]"}}, {"model": "admin.logentry", "pk": 46, "fields": {"action_time": "2023-04-24T18:41:10.088Z", "user": 1, "content_type": 9, "object_id": "10", "object_repr": "Beverages", "action_flag": 1, "change_message": "[{\"added\": {}}]"}}, {"model": "admin.logentry", "pk": 47, "fields": {"action_time": "2023-04-24T20:24:35.800Z", "user": 1, "content_type": 9, "object_id": "15", "object_repr": "Kid's menu3", "action_flag": 3, "change_message": ""}}, {"model": "admin.logentry", "pk": 48, "fields": {"action_time": "2023-04-24T20:24:35.815Z", "user": 1, "content_type": 9, "object_id": "14", "object_repr": "Kid's menu2", "action_flag": 3, "change_message": ""}}, {"model": "admin.logentry", "pk": 49, "fields": {"action_time": "2023-04-24T20:24:35.817Z", "user": 1, "content_type": 9, "object_id": "13", "object_repr": "Kid's menu1", "action_flag": 3, "change_message": ""}}, {"model": "admin.logentry", "pk": 50, "fields": {"action_time": "2023-04-24T20:24:35.818Z", "user": 1, "content_type": 9, "object_id": "12", "object_repr": "Kid's menu", "action_flag": 3, "change_message": ""}}, {"model": "admin.logentry", "pk": 51, "fields": {"action_time": "2023-04-24T21:07:20.197Z", "user": 1, "content_type": 9, "object_id": "34", "object_repr": "Test", "action_flag": 3, "change_message": ""}}, {"model": "admin.logentry", "pk": 52, "fields": {"action_time": "2023-04-24T21:07:20.209Z", "user": 1, "content_type": 9, "object_id": "31", "object_repr": "Test", "action_flag": 3, "change_message": ""}}, {"model": "admin.logentry", "pk": 53, "fields": {"action_time": "2023-04-24T21:07:20.210Z", "user": 1, "content_type": 9, "object_id": "30", "object_repr": "Test", "action_flag": 3, "change_message": ""}}, {"model": "admin.logentry", "pk": 54, "fields": {"action_time": "2023-04-24T21:07:20.211Z", "user": 1, "content_type": 9, "object_id": "24", "object_repr": "Hello", "action_flag": 3, "change_message": ""}}, {"model": "admin.logentry", "pk": 55, "fields": {"action_time": "2023-04-24T21:07:20.213Z", "user": 1, "content_type": 9, "object_id": "18", "object_repr": "Kids menu3", "action_flag": 3, "change_message": ""}}, {"model": "admin.logentry", "pk": 56, "fields": {"action_time": "2023-04-24T21:07:20.214Z", "user": 1, "content_type": 9, "object_id": "17", "object_repr": "Kids menu2", "action_flag": 3, "change_message": ""}}, {"model": "admin.logentry", "pk": 57, "fields": {"action_time": "2023-04-24T21:27:24.362Z", "user": 1, "content_type": 9, "object_id": "46", "object_repr": "Test", "action_flag": 3, "change_message": ""}}, {"model": "admin.logentry", "pk": 58, "fields": {"action_time": "2023-04-24T21:27:24.367Z", "user": 1, "content_type": 9, "object_id": "44", "object_repr": "Chicken345", "action_flag": 3, "change_message": ""}}, {"model": "admin.logentry", "pk": 59, "fields": {"action_time": "2023-04-24T21:27:24.368Z", "user": 1, "content_type": 9, "object_id": "41", "object_repr": "Chicken", "action_flag": 3, "change_message": ""}}, {"model": "admin.logentry", "pk": 60, "fields": {"action_time": "2023-04-24T21:27:24.369Z", "user": 1, "content_type": 9, "object_id": "40", "object_repr": "Chicken", "action_flag": 3, "change_message": ""}}, {"model": "admin.logentry", "pk": 61, "fields": {"action_time": "2023-04-24T21:27:24.370Z", "user": 1, "content_type": 9, "object_id": "16", "object_repr": "Kids menu", "action_flag": 3, "change_message": ""}}, {"model": "admin.logentry", "pk": 62, "fields": {"action_time": "2023-04-25T11:46:42.377Z", "user": 1, "content_type": 6, "object_id": "9", "object_repr": "sandeshdm6@gmail.com", "action_flag": 3, "change_message": ""}}, {"model": "admin.logentry", "pk": 63, "fields": {"action_time": "2023-04-25T11:49:39.902Z", "user": 1, "content_type": 6, "object_id": "10", "object_repr": "sandeshdm6@gmail.com", "action_flag": 2, "change_message": "[{\"changed\": {\"fields\": [\"Is active\"]}}]"}}, {"model": "admin.logentry", "pk": 64, "fields": {"action_time": "2023-04-25T18:03:46.984Z", "user": 1, "content_type": 8, "object_id": "2", "object_repr": "RedHotChilliPepperABCD", "action_flag": 2, "change_message": "[{\"changed\": {\"fields\": [\"Is approved\"]}}]"}}, {"model": "admin.logentry", "pk": 65, "fields": {"action_time": "2023-04-25T18:04:31.700Z", "user": 1, "content_type": 8, "object_id": "3", "object_repr": "New Restaurant", "action_flag": 2, "change_message": "[{\"changed\": {\"fields\": [\"Is approved\"]}}]"}}, {"model": "admin.logentry", "pk": 66, "fields": {"action_time": "2023-04-25T18:04:33.116Z", "user": 1, "content_type": 8, "object_id": "1", "object_repr": "Restaurant1", "action_flag": 2, "change_message": "[{\"changed\": {\"fields\": [\"Is approved\"]}}]"}}, {"model": "admin.logentry", "pk": 67, "fields": {"action_time": "2023-04-25T18:05:00.690Z", "user": 1, "content_type": 8, "object_id": "1", "object_repr": "Restaurant1", "action_flag": 2, "change_message": "[{\"changed\": {\"fields\": [\"Is approved\"]}}]"}}, {"model": "admin.logentry", "pk": 68, "fields": {"action_time": "2023-04-25T18:05:19.897Z", "user": 1, "content_type": 8, "object_id": "2", "object_repr": "RedHotChilliPepperABCD", "action_flag": 2, "change_message": "[{\"changed\": {\"fields\": [\"Is approved\"]}}]"}}, {"model": "admin.logentry", "pk": 69, "fields": {"action_time": "2023-04-25T18:05:21.360Z", "user": 1, "content_type": 8, "object_id": "1", "object_repr": "Restaurant1", "action_flag": 2, "change_message": "[{\"changed\": {\"fields\": [\"Is approved\"]}}]"}}, {"model": "admin.logentry", "pk": 70, "fields": {"action_time": "2023-04-25T18:05:36.264Z", "user": 1, "content_type": 8, "object_id": "3", "object_repr": "New Restaurant", "action_flag": 2, "change_message": "[{\"changed\": {\"fields\": [\"Is approved\"]}}]"}}, {"model": "admin.logentry", "pk": 71, "fields": {"action_time": "2023-04-25T18:05:37.644Z", "user": 1, "content_type": 8, "object_id": "2", "object_repr": "RedHotChilliPepperABCD", "action_flag": 2, "change_message": "[{\"changed\": {\"fields\": [\"Is approved\"]}}]"}}, {"model": "admin.logentry", "pk": 72, "fields": {"action_time": "2023-04-25T18:52:01.687Z", "user": 1, "content_type": 8, "object_id": "2", "object_repr": "RedHotChilliPepperABCD", "action_flag": 2, "change_message": "[{\"changed\": {\"fields\": [\"Vendor slug\"]}}]"}}, {"model": "admin.logentry", "pk": 73, "fields": {"action_time": "2023-04-25T18:52:18.766Z", "user": 1, "content_type": 8, "object_id": "3", "object_repr": "New Restaurant", "action_flag": 2, "change_message": "[{\"changed\": {\"fields\": [\"Vendor slug\"]}}]"}}, {"model": "admin.logentry", "pk": 74, "fields": {"action_time": "2023-04-25T18:52:29.967Z", "user": 1, "content_type": 8, "object_id": "1", "object_repr": "Restaurant1", "action_flag": 2, "change_message": "[{\"changed\": {\"fields\": [\"Vendor slug\"]}}]"}}, {"model": "admin.logentry", "pk": 75, "fields": {"action_time": "2023-04-26T00:17:16.737Z", "user": 1, "content_type": 7, "object_id": "7", "object_repr": "rishabh.sinha2021@outlook.com", "action_flag": 2, "change_message": "[]"}}, {"model": "admin.logentry", "pk": 76, "fields": {"action_time": "2023-04-26T00:27:47.302Z", "user": 1, "content_type": 13, "object_id": "1", "object_repr": "Personal", "action_flag": 1, "change_message": "[{\"added\": {}}]"}}, {"model": "admin.logentry", "pk": 77, "fields": {"action_time": "2023-04-26T02:00:09.275Z", "user": 1, "content_type": 6, "object_id": "6", "object_repr": "rishabh566@live.com", "action_flag": 2, "change_message": "[{\"changed\": {\"fields\": [\"Phone number\"]}}]"}}, {"model": "admin.logentry", "pk": 78, "fields": {"action_time": "2023-04-26T02:01:52.840Z", "user": 1, "content_type": 7, "object_id": "6", "object_repr": "rishabh566@live.com", "action_flag": 2, "change_message": "[{\"changed\": {\"fields\": [\"City\"]}}]"}}, {"model": "admin.logentry", "pk": 79, "fields": {"action_time": "2023-04-26T16:53:57.033Z", "user": 1, "content_type": 15, "object_id": "4", "object_repr": "202304261753054", "action_flag": 2, "change_message": "[{\"changed\": {\"fields\": [\"Is ordered\"]}}]"}}, {"model": "admin.logentry", "pk": 80, "fields": {"action_time": "2023-04-26T17:19:31.302Z", "user": 1, "content_type": 15, "object_id": "5", "object_repr": "202304261802005", "action_flag": 2, "change_message": "[]"}}, {"model": "admin.logentry", "pk": 81, "fields": {"action_time": "2023-04-26T17:19:41.641Z", "user": 1, "content_type": 15, "object_id": "5", "object_repr": "202304261802005", "action_flag": 2, "change_message": "[{\"changed\": {\"fields\": [\"Vendors\"]}}]"}}, {"model": "auth.permission", "pk": 1, "fields": {"name": "Can add log entry", "content_type": 1, "codename": "add_logentry"}}, {"model": "auth.permission", "pk": 2, "fields": {"name": "Can change log entry", "content_type": 1, "codename": "change_logentry"}}, {"model": "auth.permission", "pk": 3, "fields": {"name": "Can delete log entry", "content_type": 1, "codename": "delete_logentry"}}, {"model": "auth.permission", "pk": 4, "fields": {"name": "Can view log entry", "content_type": 1, "codename": "view_logentry"}}, {"model": "auth.permission", "pk": 5, "fields": {"name": "Can add permission", "content_type": 2, "codename": "add_permission"}}, {"model": "auth.permission", "pk": 6, "fields": {"name": "Can change permission", "content_type": 2, "codename": "change_permission"}}, {"model": "auth.permission", "pk": 7, "fields": {"name": "Can delete permission", "content_type": 2, "codename": "delete_permission"}}, {"model": "auth.permission", "pk": 8, "fields": {"name": "Can view permission", "content_type": 2, "codename": "view_permission"}}, {"model": "auth.permission", "pk": 9, "fields": {"name": "Can add group", "content_type": 3, "codename": "add_group"}}, {"model": "auth.permission", "pk": 10, "fields": {"name": "Can change group", "content_type": 3, "codename": "change_group"}}, {"model": "auth.permission", "pk": 11, "fields": {"name": "Can delete group", "content_type": 3, "codename": "delete_group"}}, {"model": "auth.permission", "pk": 12, "fields": {"name": "Can view group", "content_type": 3, "codename": "view_group"}}, {"model": "auth.permission", "pk": 13, "fields": {"name": "Can add content type", "content_type": 4, "codename": "add_contenttype"}}, {"model": "auth.permission", "pk": 14, "fields": {"name": "Can change content type", "content_type": 4, "codename": "change_contenttype"}}, {"model": "auth.permission", "pk": 15, "fields": {"name": "Can delete content type", "content_type": 4, "codename": "delete_contenttype"}}, {"model": "auth.permission", "pk": 16, "fields": {"name": "Can view content type", "content_type": 4, "codename": "view_contenttype"}}, {"model": "auth.permission", "pk": 17, "fields": {"name": "Can add session", "content_type": 5, "codename": "add_session"}}, {"model": "auth.permission", "pk": 18, "fields": {"name": "Can change session", "content_type": 5, "codename": "change_session"}}, {"model": "auth.permission", "pk": 19, "fields": {"name": "Can delete session", "content_type": 5, "codename": "delete_session"}}, {"model": "auth.permission", "pk": 20, "fields": {"name": "Can view session", "content_type": 5, "codename": "view_session"}}, {"model": "auth.permission", "pk": 21, "fields": {"name": "Can add user", "content_type": 6, "codename": "add_user"}}, {"model": "auth.permission", "pk": 22, "fields": {"name": "Can change user", "content_type": 6, "codename": "change_user"}}, {"model": "auth.permission", "pk": 23, "fields": {"name": "Can delete user", "content_type": 6, "codename": "delete_user"}}, {"model": "auth.permission", "pk": 24, "fields": {"name": "Can view user", "content_type": 6, "codename": "view_user"}}, {"model": "auth.permission", "pk": 25, "fields": {"name": "Can add user profile", "content_type": 7, "codename": "add_userprofile"}}, {"model": "auth.permission", "pk": 26, "fields": {"name": "Can change user profile", "content_type": 7, "codename": "change_userprofile"}}, {"model": "auth.permission", "pk": 27, "fields": {"name": "Can delete user profile", "content_type": 7, "codename": "delete_userprofile"}}, {"model": "auth.permission", "pk": 28, "fields": {"name": "Can view user profile", "content_type": 7, "codename": "view_userprofile"}}, {"model": "auth.permission", "pk": 29, "fields": {"name": "Can add vendor", "content_type": 8, "codename": "add_vendor"}}, {"model": "auth.permission", "pk": 30, "fields": {"name": "Can change vendor", "content_type": 8, "codename": "change_vendor"}}, {"model": "auth.permission", "pk": 31, "fields": {"name": "Can delete vendor", "content_type": 8, "codename": "delete_vendor"}}, {"model": "auth.permission", "pk": 32, "fields": {"name": "Can view vendor", "content_type": 8, "codename": "view_vendor"}}, {"model": "auth.permission", "pk": 33, "fields": {"name": "Can add category", "content_type": 9, "codename": "add_category"}}, {"model": "auth.permission", "pk": 34, "fields": {"name": "Can change category", "content_type": 9, "codename": "change_category"}}, {"model": "auth.permission", "pk": 35, "fields": {"name": "Can delete category", "content_type": 9, "codename": "delete_category"}}, {"model": "auth.permission", "pk": 36, "fields": {"name": "Can view category", "content_type": 9, "codename": "view_category"}}, {"model": "auth.permission", "pk": 37, "fields": {"name": "Can add food item", "content_type": 10, "codename": "add_fooditem"}}, {"model": "auth.permission", "pk": 38, "fields": {"name": "Can change food item", "content_type": 10, "codename": "change_fooditem"}}, {"model": "auth.permission", "pk": 39, "fields": {"name": "Can delete food item", "content_type": 10, "codename": "delete_fooditem"}}, {"model": "auth.permission", "pk": 40, "fields": {"name": "Can view food item", "content_type": 10, "codename": "view_fooditem"}}, {"model": "auth.permission", "pk": 41, "fields": {"name": "Can add cart", "content_type": 11, "codename": "add_cart"}}, {"model": "auth.permission", "pk": 42, "fields": {"name": "Can change cart", "content_type": 11, "codename": "change_cart"}}, {"model": "auth.permission", "pk": 43, "fields": {"name": "Can delete cart", "content_type": 11, "codename": "delete_cart"}}, {"model": "auth.permission", "pk": 44, "fields": {"name": "Can view cart", "content_type": 11, "codename": "view_cart"}}, {"model": "auth.permission", "pk": 45, "fields": {"name": "Can add opening hour", "content_type": 12, "codename": "add_openinghour"}}, {"model": "auth.permission", "pk": 46, "fields": {"name": "Can change opening hour", "content_type": 12, "codename": "change_openinghour"}}, {"model": "auth.permission", "pk": 47, "fields": {"name": "Can delete opening hour", "content_type": 12, "codename": "delete_openinghour"}}, {"model": "auth.permission", "pk": 48, "fields": {"name": "Can view opening hour", "content_type": 12, "codename": "view_openinghour"}}, {"model": "auth.permission", "pk": 49, "fields": {"name": "Can add tax", "content_type": 13, "codename": "add_tax"}}, {"model": "auth.permission", "pk": 50, "fields": {"name": "Can change tax", "content_type": 13, "codename": "change_tax"}}, {"model": "auth.permission", "pk": 51, "fields": {"name": "Can delete tax", "content_type": 13, "codename": "delete_tax"}}, {"model": "auth.permission", "pk": 52, "fields": {"name": "Can view tax", "content_type": 13, "codename": "view_tax"}}, {"model": "auth.permission", "pk": 53, "fields": {"name": "Can add payment", "content_type": 14, "codename": "add_payment"}}, {"model": "auth.permission", "pk": 54, "fields": {"name": "Can change payment", "content_type": 14, "codename": "change_payment"}}, {"model": "auth.permission", "pk": 55, "fields": {"name": "Can delete payment", "content_type": 14, "codename": "delete_payment"}}, {"model": "auth.permission", "pk": 56, "fields": {"name": "Can view payment", "content_type": 14, "codename": "view_payment"}}, {"model": "auth.permission", "pk": 57, "fields": {"name": "Can add order", "content_type": 15, "codename": "add_order"}}, {"model": "auth.permission", "pk": 58, "fields": {"name": "Can change order", "content_type": 15, "codename": "change_order"}}, {"model": "auth.permission", "pk": 59, "fields": {"name": "Can delete order", "content_type": 15, "codename": "delete_order"}}, {"model": "auth.permission", "pk": 60, "fields": {"name": "Can view order", "content_type": 15, "codename": "view_order"}}, {"model": "auth.permission", "pk": 61, "fields": {"name": "Can add ordered food", "content_type": 16, "codename": "add_orderedfood"}}, {"model": "auth.permission", "pk": 62, "fields": {"name": "Can change ordered food", "content_type": 16, "codename": "change_orderedfood"}}, {"model": "auth.permission", "pk": 63, "fields": {"name": "Can delete ordered food", "content_type": 16, "codename": "delete_orderedfood"}}, {"model": "auth.permission", "pk": 64, "fields": {"name": "Can view ordered food", "content_type": 16, "codename": "view_orderedfood"}}, {"model": "contenttypes.contenttype", "pk": 1, "fields": {"app_label": "admin", "model": "logentry"}}, {"model": "contenttypes.contenttype", "pk": 2, "fields": {"app_label": "auth", "model": "permission"}}, {"model": "contenttypes.contenttype", "pk": 3, "fields": {"app_label": "auth", "model": "group"}}, {"model": "contenttypes.contenttype", "pk": 4, "fields": {"app_label": "contenttypes", "model": "contenttype"}}, {"model": "contenttypes.contenttype", "pk": 5, "fields": {"app_label": "sessions", "model": "session"}}, {"model": "contenttypes.contenttype", "pk": 6, "fields": {"app_label": "accounts", "model": "user"}}, {"model": "contenttypes.contenttype", "pk": 7, "fields": {"app_label": "accounts", "model": "userprofile"}}, {"model": "contenttypes.contenttype", "pk": 8, "fields": {"app_label": "vendor", "model": "vendor"}}, {"model": "contenttypes.contenttype", "pk": 9, "fields": {"app_label": "menu", "model": "category"}}, {"model": "contenttypes.contenttype", "pk": 10, "fields": {"app_label": "menu", "model": "fooditem"}}, {"model": "contenttypes.contenttype", "pk": 11, "fields": {"app_label": "marketplace", "model": "cart"}}, {"model": "contenttypes.contenttype", "pk": 12, "fields": {"app_label": "vendor", "model": "openinghour"}}, {"model": "contenttypes.contenttype", "pk": 13, "fields": {"app_label": "marketplace", "model": "tax"}}, {"model": "contenttypes.contenttype", "pk": 14, "fields": {"app_label": "orders", "model": "payment"}}, {"model": "contenttypes.contenttype", "pk": 15, "fields": {"app_label": "orders", "model": "order"}}, {"model": "contenttypes.contenttype", "pk": 16, "fields": {"app_label": "orders", "model": "orderedfood"}}, {"model": "sessions.session", "pk": "25w128bnkxmd4h398n5nhuy3y7mufj35", "fields": {"session_data": ".eJxVjEEOwiAQRe_C2hBgQMCle89ABmYqVUOT0q6Md7dNutDte-__t0i4LjWtnec0krgILU6_LGN5ctsFPbDdJ1mmtsxjlnsiD9vlbSJ-XY_276Bir9vaxlhCDkRnow0pP2RmS2wCODYeAQYNxipgyHFj3hW2LqACROeKQvH5At7QN5s:1prURN:qlafN0ANVCWpF6oKaT-_N0q9gNh8E1p20DAu4JzOpNI", "expire_date": "2023-05-10T01:59:29.557Z"}}, {"model": "sessions.session", "pk": "3elcuud7kdvhbag3dduayovggmy0nnp8", "fields": {"session_data": ".eJxVjMsOwiAQRf-FtSF0oDxcuvcbyMAMUjU0Ke3K-O_apAvd3nPOfYmI21rj1nmJE4mzcOL0uyXMD247oDu22yzz3NZlSnJX5EG7vM7Ez8vh_h1U7PVbKwIqxRQNMPisHRmNLo_BUErFDt7S6F0wFpTjAGwKKy6sLWiFYJnE-wPmmTfj:1prq2M:v1AYPQKMvIbWkS1RmFybbOmjhL3La-7ub68AFUs9410", "expire_date": "2023-05-11T01:03:06.512Z"}}, {"model": "sessions.session", "pk": "qu3wloiwbplslxrekyonl9grthe1113g", "fields": {"session_data": ".eJxVjEEOwiAQRe_C2hBgQMCle89ABmYqVUOT0q6Md7dNutDte-__t0i4LjWtnec0krgILU6_LGN5ctsFPbDdJ1mmtsxjlnsiD9vlbSJ-XY_276Bir9vaxlhCDkRnow0pP2RmS2wCODYeAQYNxipgyHFj3hW2LqACROeKQvH5At7QN5s:1priOh:eGLrpSRjmNeY0_X0DVkVc-H6aKKjxlogrfbD5BgooD4", "expire_date": "2023-05-10T16:53:39.801Z"}}, {"model": "sessions.session", "pk": "sthu5rpwrk6zv1av6mu8ft3px8kz9wj7", "fields": {"session_data": ".eJxVjEEOwiAQRe_C2hBgQMCle89ABmYqVUOT0q6Md7dNutDte-__t0i4LjWtnec0krgILU6_LGN5ctsFPbDdJ1mmtsxjlnsiD9vlbSJ-XY_276Bir9vaxlhCDkRnow0pP2RmS2wCODYeAQYNxipgyHFj3hW2LqACROeKQvH5At7QN5s:1pr0ju:64JMcyQHieQtlUz0MGNx8vk2R7IgN6Z63u3HSTz3QPw", "expire_date": "2023-05-08T18:16:38.730Z"}}, {"model": "sessions.session", "pk": "y6bp0ambjv8rgya2s9ru81ek0ful4j3h", "fields": {"session_data": ".eJxVjMsOwiAQRf-FtSF0oDxcuvcbyMAMUjU0Ke3K-O_apAvd3nPOfYmI21rj1nmJE4mzcOL0uyXMD247oDu22yzz3NZlSnJX5EG7vM7Ez8vh_h1U7PVbKwIqxRQNMPisHRmNLo_BUErFDt7S6F0wFpTjAGwKKy6sLWiFYJnE-wPmmTfj:1prtRB:ycBgyF8ryaAtgHxIZUCEioHsnFasOYQYJo8UoLTzgYc", "expire_date": "2023-05-11T04:40:57.406Z"}}, {"model": "accounts.user", "pk": 1, "fields": {"password": "pbkdf2_sha256$260000$t6yeF72EglKIzblyvfKJqa$6KIPomlkqsHhNs40zmQT4bEdmxMSy6q+of2ZSkEjDpY=", "first_name": "Rishabh", "last_name": "Sinha", "username": "x21171203", "email": "x21171203@student.ncirl.ie", "phone_number": "", "role": null, "date_joined": "2023-04-23T20:52:47.776Z", "last_login": "2023-04-27T00:59:31.844Z", "created_date": "2023-04-23T20:52:47.776Z", "modified_date": "2023-04-23T20:52:47.823Z", "is_admin": true, "is_staff": true, "is_active": true, "is_superadmin": true}}, {"model": "accounts.user", "pk": 3, "fields": {"password": "pbkdf2_sha256$260000$2ErhzgZSHIeYz9y9RzIpk5$Hb3atgdNQPA2F2CXyyvXBvKwpfO9d614TfaFRvht0vk=", "first_name": "Rishabh", "last_name": "Sinha", "username": "restaurant566", "email": "restaurant566@live.com", "phone_number": "", "role": 1, "date_joined": "2023-04-23T20:57:54.976Z", "last_login": "2023-04-23T21:03:15.416Z", "created_date": "2023-04-23T20:57:54.976Z", "modified_date": "2023-04-23T20:58:25.513Z", "is_admin": false, "is_staff": false, "is_active": true, "is_superadmin": false}}, {"model": "accounts.user", "pk": 6, "fields": {"password": "pbkdf2_sha256$260000$PuUM6w2XsKz605U6BZN6kL$ud3ueag7TfW4rz6dK/EhnCE+y25o8MM5cG8fiuMaD/I=", "first_name": "rishabh", "last_name": "sinha", "username": "rishabh566", "email": "rishabh566@live.com", "phone_number": "874482017", "role": 2, "date_joined": "2023-04-23T21:33:24.579Z", "last_login": "2023-04-26T17:59:50.277Z", "created_date": "2023-04-23T21:33:24.579Z", "modified_date": "2023-04-26T02:01:36.144Z", "is_admin": false, "is_staff": false, "is_active": true, "is_superadmin": false}}, {"model": "accounts.user", "pk": 7, "fields": {"password": "pbkdf2_sha256$260000$6jc3LTp4O3zpnrVqH4Rdjt$nH0A4yv1mH4ieTdA9niieXAM49zGQTeDayx6/imYQB0=", "first_name": "Rishabh", "last_name": "Sinha", "username": "rishabh.sinha2021", "email": "rishabh.sinha2021@outlook.com", "phone_number": "", "role": 1, "date_joined": "2023-04-23T21:39:16.818Z", "last_login": "2023-04-27T04:40:57.317Z", "created_date": "2023-04-23T21:39:16.818Z", "modified_date": "2023-04-23T21:40:11.428Z", "is_admin": false, "is_staff": false, "is_active": true, "is_superadmin": false}}, {"model": "accounts.user", "pk": 8, "fields": {"password": "pbkdf2_sha256$260000$6WNk7oBq8w2oS0zTGtpF8I$eh4oOlKMbcCrUUYjSRfFLuuhM81tSHXHk04cMFjlImE=", "first_name": "New", "last_name": "Restaurant", "username": "rishabh50.rs", "email": "rishabh50.rs@gmail.com", "phone_number": "", "role": 1, "date_joined": "2023-04-25T03:28:39.506Z", "last_login": "2023-04-25T03:29:11.850Z", "created_date": "2023-04-25T03:28:39.506Z", "modified_date": "2023-04-25T03:28:57.287Z", "is_admin": false, "is_staff": false, "is_active": true, "is_superadmin": false}}, {"model": "accounts.user", "pk": 10, "fields": {"password": "pbkdf2_sha256$260000$vtM99Rbc4vwdNcgbltvWsW$3I3LZLkCVcOqe0ot1jwSpVljflneQVpyYOpYsifDj60=", "first_name": "Sandesh", "last_name": "DM", "username": "sandeshdm6", "email": "sandeshdm6@gmail.com", "phone_number": "", "role": 2, "date_joined": "2023-04-25T11:47:57.036Z", "last_login": "2023-04-25T11:47:57.036Z", "created_date": "2023-04-25T11:47:57.036Z", "modified_date": "2023-04-25T11:49:39.891Z", "is_admin": false, "is_staff": false, "is_active": true, "is_superadmin": false}}, {"model": "accounts.userprofile", "pk": 1, "fields": {"user": 1, "profile_picture": "", "cover_photo": "", "address": null, "country": null, "city": null, "eir_code": null, "latitude": null, "longitude": null, "location": null, "created_at": "2023-04-23T20:52:47.817Z", "modified_at": "2023-04-27T00:59:31.908Z"}}, {"model": "accounts.userprofile", "pk": 3, "fields": {"user": 3, "profile_picture": "", "cover_photo": "", "address": null, "country": null, "city": null, "eir_code": null, "latitude": null, "longitude": null, "location": null, "created_at": "2023-04-23T20:57:55.015Z", "modified_at": "2023-04-23T21:03:15.423Z"}}, {"model": "accounts.userprofile", "pk": 6, "fields": {"user": 6, "profile_picture": "users/profile_pictures/2606517_5856.jpg", "cover_photo": "users/cover_photos/pexels-ben-mack-6775268.jpg", "address": "Dublin, Ireland", "country": "Ireland", "city": "Dublin", "eir_code": "D09WK79", "latitude": "53.3498053", "longitude": "-6.2603097", "location": "SRID=4326;POINT (-6.2603097 53.3498053)", "created_at": "2023-04-23T21:33:24.583Z", "modified_at": "2023-04-26T17:59:50.295Z"}}, {"model": "accounts.userprofile", "pk": 7, "fields": {"user": 7, "profile_picture": "users/profile_pictures/chef-14519_rX258tu.png", "cover_photo": "users/cover_photos/pexels-samer-daboul-2233729.jpg", "address": "Shannon, County Clare, Ireland", "country": "Ireland", "city": "Dublin 9", "eir_code": "1234556", "latitude": "52.71178219999999", "longitude": "-8.8783365", "location": "SRID=4326;POINT (-8.8783365 52.71178219999999)", "created_at": "2023-04-23T21:39:16.821Z", "modified_at": "2023-04-27T04:46:26.407Z"}}, {"model": "accounts.userprofile", "pk": 8, "fields": {"user": 8, "profile_picture": "users/profile_pictures/pexels-geraud-pfeiffer-6605644.jpg", "cover_photo": "users/cover_photos/pexels-leonardo-luz-14391207.jpg", "address": "Millers Glen, Longview Avenue, Oldtown, County Dublin, Ireland", "country": "Ireland", "city": "Dublin", "eir_code": "AS9WHPT", "latitude": "53.4720806", "longitude": "-6.2429232", "location": null, "created_at": "2023-04-25T03:28:39.517Z", "modified_at": "2023-04-25T03:32:14.966Z"}}, {"model": "accounts.userprofile", "pk": 10, "fields": {"user": 10, "profile_picture": "", "cover_photo": "", "address": null, "country": null, "city": null, "eir_code": null, "latitude": null, "longitude": null, "location": null, "created_at": "2023-04-25T11:47:57.042Z", "modified_at": "2023-04-25T11:49:39.899Z"}}, {"model": "vendor.vendor", "pk": 1, "fields": {"user": 3, "user_profile": 3, "vendor_name": "Restaurant1", "vendor_slug": "restaurant1", "vendor_license": "vendor/license/Flavorful.png", "is_approved": true, "created_at": "2023-04-23T20:57:55.042Z", "modified_at": "2023-04-25T18:52:29.964Z"}}, {"model": "vendor.vendor", "pk": 2, "fields": {"user": 7, "user_profile": 7, "vendor_name": "RedHotChilliPepperABCD", "vendor_slug": "redhotchillipepperabcd", "vendor_license": "vendor/license/wise.png", "is_approved": true, "created_at": "2023-04-23T21:39:16.849Z", "modified_at": "2023-04-27T04:46:26.416Z"}}, {"model": "vendor.vendor", "pk": 3, "fields": {"user": 8, "user_profile": 8, "vendor_name": "New Restaurant", "vendor_slug": "new-restaurant", "vendor_license": "vendor/license/pexels-mister-mister-3434523.jpg", "is_approved": false, "created_at": "2023-04-25T03:28:39.578Z", "modified_at": "2023-04-25T18:52:18.764Z"}}, {"model": "vendor.openinghour", "pk": 1, "fields": {"vendor": 2, "day": 1, "from_hour": "12:00 AM", "to_hour": "12:00 AM", "is_closed": false}}, {"model": "vendor.openinghour", "pk": 2, "fields": {"vendor": 2, "day": 6, "from_hour": "", "to_hour": "", "is_closed": true}}, {"model": "vendor.openinghour", "pk": 3, "fields": {"vendor": 2, "day": 2, "from_hour": "10:00 AM", "to_hour": "09:30 PM", "is_closed": false}}, {"model": "vendor.openinghour", "pk": 7, "fields": {"vendor": 2, "day": 5, "from_hour": "08:00 AM", "to_hour": "10:30 PM", "is_closed": false}}, {"model": "vendor.openinghour", "pk": 8, "fields": {"vendor": 2, "day": 7, "from_hour": "07:30 AM", "to_hour": "10:30 PM", "is_closed": true}}, {"model": "vendor.openinghour", "pk": 10, "fields": {"vendor": 2, "day": 4, "from_hour": "", "to_hour": "", "is_closed": true}}, {"model": "vendor.openinghour", "pk": 11, "fields": {"vendor": 2, "day": 3, "from_hour": "12:00 AM", "to_hour": "06:00 PM", "is_closed": true}}, {"model": "menu.category", "pk": 5, "fields": {"vendor": 2, "category_name": "Appetizers", "slug": "appetizers", "description": "Start your meal with a burst of flavor by choosing from our selection of appetizers.", "created_at": "2023-04-24T17:03:38.415Z", "updated_at": "2023-04-24T18:16:55.613Z"}}, {"model": "menu.category", "pk": 6, "fields": {"vendor": 2, "category_name": "Soups and salads", "slug": "soups-and-salads", "description": "Wholesome soups and fresh salads from around the world, bursting with flavor and nutrients.", "created_at": "2023-04-24T17:03:53.861Z", "updated_at": "2023-04-24T18:17:40.321Z"}}, {"model": "menu.category", "pk": 7, "fields": {"vendor": 2, "category_name": "Main course", "slug": "main-course", "description": "Delectable Indian and Continental mains that will satisfy your cravings and leave you feeling satisfied.", "created_at": "2023-04-24T17:04:06.937Z", "updated_at": "2023-04-24T18:17:57.355Z"}}, {"model": "menu.category", "pk": 8, "fields": {"vendor": 2, "category_name": "Side dishes", "slug": "side-dishes", "description": "The perfect accompaniments to your meal, featuring traditional Indian and Continental favorites.", "created_at": "2023-04-24T17:04:22.135Z", "updated_at": "2023-04-24T18:18:18.843Z"}}, {"model": "menu.category", "pk": 10, "fields": {"vendor": 2, "category_name": "Beverages", "slug": "beverages", "description": "", "created_at": "2023-04-24T18:41:10.078Z", "updated_at": "2023-04-24T18:41:10.078Z"}}, {"model": "menu.category", "pk": 11, "fields": {"vendor": 2, "category_name": "Specials of the day", "slug": "specials-of-the-day-11", "description": "This is the special for the day", "created_at": "2023-04-24T20:07:57.343Z", "updated_at": "2023-04-24T20:07:57.363Z"}}, {"model": "menu.category", "pk": 76, "fields": {"vendor": 3, "category_name": "Dfsdf", "slug": "dfsdf", "description": "DFsd", "created_at": "2023-04-25T03:34:45.328Z", "updated_at": "2023-04-25T03:34:45.328Z"}}, {"model": "menu.fooditem", "pk": 2, "fields": {"vendor": 2, "category": 5, "food_title": "Paneer Tikka", "slug": "paneer-tikka", "description": "A popular Indian appetizer made with chunks of marinated cottage cheese, skewered and grilled to perfection.", "price": "8.00", "image": "foodimages/pexels-abhishek-mahajan-3928854.jpg", "is_available": false, "created_at": "2023-04-24T17:05:51.913Z", "updated_at": "2023-04-25T03:02:13.005Z"}}, {"model": "menu.fooditem", "pk": 3, "fields": {"vendor": 2, "category": 5, "food_title": "Bruschetta", "slug": "bruschetta", "description": "An Italian appetizer consisting of grilled bread topped with fresh tomatoes, basil, and garlic.", "price": "12.00", "image": "foodimages/pexels-geraud-pfeiffer-6605644.jpg", "is_available": true, "created_at": "2023-04-24T17:07:14.747Z", "updated_at": "2023-04-24T17:07:14.747Z"}}, {"model": "menu.fooditem", "pk": 4, "fields": {"vendor": 2, "category": 5, "food_title": "Spring Rolls", "slug": "spring-rolls", "description": "A Chinese appetizer made with a mixture of vegetables and sometimes meat rolled in thin pastry and deep-fried.", "price": "7.00", "image": "foodimages/pexels-natalie-bond-3569706.jpg", "is_available": true, "created_at": "2023-04-24T17:08:28.289Z", "updated_at": "2023-04-24T17:08:28.289Z"}}, {"model": "menu.fooditem", "pk": 5, "fields": {"vendor": 2, "category": 5, "food_title": "Galouti Kebab", "slug": "galouti-kebab", "description": "A traditional Indian appetizer made with finely minced meat, spices, and herbs, then cooked on a griddle until tender.", "price": "10.00", "image": "foodimages/pexels-samer-daboul-2233729.jpg", "is_available": true, "created_at": "2023-04-24T17:10:11.287Z", "updated_at": "2023-04-24T17:10:11.287Z"}}, {"model": "menu.fooditem", "pk": 6, "fields": {"vendor": 2, "category": 6, "food_title": "Minestrone Soup", "slug": "minestrone-soup", "description": "An Italian soup made with vegetables, beans, and pasta in a tomato-based broth.", "price": "12.00", "image": "foodimages/pexels-nadin-sh-16357831.jpg", "is_available": true, "created_at": "2023-04-24T17:11:21.550Z", "updated_at": "2023-04-24T17:11:21.550Z"}}, {"model": "menu.fooditem", "pk": 7, "fields": {"vendor": 2, "category": 6, "food_title": "Veg Soup", "slug": "veg-soup", "description": "A spicy Indian soup made with lentils, vegetables, and spices.\r\nCaesar Salad - A classic salad made with romaine lettuce, croutons, parmesan cheese, and a creamy dressing.", "price": "15.00", "image": "foodimages/pexels-david-abbram-3702434.jpg", "is_available": true, "created_at": "2023-04-24T17:12:51.051Z", "updated_at": "2023-04-24T17:12:51.051Z"}}, {"model": "menu.fooditem", "pk": 8, "fields": {"vendor": 2, "category": 6, "food_title": "Caesar Salad", "slug": "caesar-salad", "description": "A classic salad made with romaine lettuce, croutons, parmesan cheese, and a creamy dressing.", "price": "5.00", "image": "foodimages/pexels-julie-aagaard-2097090.jpg", "is_available": true, "created_at": "2023-04-24T17:13:56.310Z", "updated_at": "2023-04-24T17:13:56.310Z"}}, {"model": "menu.fooditem", "pk": 9, "fields": {"vendor": 2, "category": 7, "food_title": "Butter Chicken", "slug": "butter-chicken", "description": "A popular Indian dish made with succulent pieces of chicken cooked in a creamy tomato-based sauce.", "price": "15.98", "image": "foodimages/pexels-saveurs-secretes-7625056.jpg", "is_available": false, "created_at": "2023-04-24T17:15:58.325Z", "updated_at": "2023-04-25T11:41:25.949Z"}}, {"model": "menu.fooditem", "pk": 10, "fields": {"vendor": 2, "category": 7, "food_title": "Margherita Pizza", "slug": "margherita-pizza", "description": "An Italian classic pizza made with tomato sauce, mozzarella cheese, and fresh basil.", "price": "8.00", "image": "foodimages/pexels-leonardo-luz-14391207.jpg", "is_available": true, "created_at": "2023-04-24T17:16:56.823Z", "updated_at": "2023-04-24T17:16:56.823Z"}}, {"model": "menu.fooditem", "pk": 11, "fields": {"vendor": 2, "category": 8, "food_title": "Aloo Gobi", "slug": "aloo-gobi", "description": "An Indian vegetarian dish made with potatoes and cauliflower, cooked with spices and herbs.", "price": "6.00", "image": "foodimages/pexels-zenith-photographics-15014923.jpg", "is_available": true, "created_at": "2023-04-24T17:17:53.887Z", "updated_at": "2023-04-24T17:17:53.887Z"}}, {"model": "menu.fooditem", "pk": 12, "fields": {"vendor": 2, "category": 8, "food_title": "Ratatouille", "slug": "ratatouille", "description": "A French side dish made with eggplant, zucchini, bell peppers, and tomato sauce.", "price": "10.00", "image": "foodimages/pexels-codrin-alex-7439978.jpg", "is_available": true, "created_at": "2023-04-24T17:19:01.650Z", "updated_at": "2023-04-24T17:19:01.650Z"}}, {"model": "menu.fooditem", "pk": 13, "fields": {"vendor": 2, "category": 8, "food_title": "Hakka Noodles", "slug": "hakka-noodles", "description": "A Chinese dish made with stir-fried noodles, vegetables, and sometimes meat.", "price": "12.00", "image": "foodimages/pexels-lisa-fotios-1279330.jpg", "is_available": true, "created_at": "2023-04-24T17:20:17.991Z", "updated_at": "2023-04-24T17:20:17.991Z"}}, {"model": "menu.fooditem", "pk": 40, "fields": {"vendor": 3, "category": 76, "food_title": "DFDSDFdsfv", "slug": "dfdsdfdsfv", "description": "", "price": "3.00", "image": "foodimages/pexels-david-abbram-3702434_6U6yOio.jpg", "is_available": true, "created_at": "2023-04-25T03:35:10.806Z", "updated_at": "2023-04-25T03:35:10.806Z"}}, {"model": "marketplace.cart", "pk": 1, "fields": {"user": 1, "fooditem": 3, "quantity": 3, "created_at": "2023-04-26T00:11:37.720Z", "updated_at": "2023-04-26T14:24:01.442Z"}}, {"model": "marketplace.cart", "pk": 8, "fields": {"user": 1, "fooditem": 4, "quantity": 4, "created_at": "2023-04-26T14:24:02.505Z", "updated_at": "2023-04-26T15:52:41.388Z"}}, {"model": "marketplace.cart", "pk": 9, "fields": {"user": 7, "fooditem": 3, "quantity": 2, "created_at": "2023-04-26T15:54:39.198Z", "updated_at": "2023-04-26T16:23:54.331Z"}}, {"model": "marketplace.cart", "pk": 10, "fields": {"user": 7, "fooditem": 4, "quantity": 5, "created_at": "2023-04-26T15:54:40.375Z", "updated_at": "2023-04-26T16:23:43.974Z"}}, {"model": "marketplace.tax", "pk": 1, "fields": {"tax_type": "Personal", "tax_percentage": "1.00", "is_active": true}}, {"model": "orders.order", "pk": 1, "fields": {"user": 1, "payment": null, "order_number": "202304261647391", "first_name": "Rishabh", "last_name": "Sinha", "phone": "ascsa", "email": "x21171203@student.ncirl.ie", "address": "fsafs", "country": "sfas", "city": "sfa", "eir_code": "fssa", "total": 43.43, "tax_data": "{\"Personal\": {\"1.00\": 0.43}}", "total_data": null, "total_tax": 0.43, "payment_method": "PayPal", "status": "New", "is_ordered": false, "created_at": "2023-04-26T15:47:39.831Z", "updated_at": "2023-04-26T15:47:39.860Z", "vendors": []}}, {"model": "orders.order", "pk": 2, "fields": {"user": 7, "payment": null, "order_number": "202304261655052", "first_name": "Rishabh", "last_name": "Sinha", "phone": "", "email": "rishabh.sinha2021@outlook.com", "address": "Shannon, County Clare, Ireland", "country": "Ireland", "city": "Dublin 9", "eir_code": "1234556", "total": 19.19, "tax_data": "{\"Personal\": {\"1.00\": 0.19}}", "total_data": null, "total_tax": 0.19, "payment_method": "PayPal", "status": "New", "is_ordered": false, "created_at": "2023-04-26T15:55:05.763Z", "updated_at": "2023-04-26T15:55:05.767Z", "vendors": []}}, {"model": "orders.order", "pk": 3, "fields": {"user": 7, "payment": null, "order_number": "202304261724083", "first_name": "Rishabh", "last_name": "Sinha", "phone": "", "email": "rishabh.sinha2021@outlook.com", "address": "Shannon, County Clare, Ireland", "country": "Ireland", "city": "Dublin 9", "eir_code": "1234556", "total": 59.59, "tax_data": "{\"Personal\": {\"1.00\": 0.59}}", "total_data": null, "total_tax": 0.59, "payment_method": "PayPal", "status": "New", "is_ordered": false, "created_at": "2023-04-26T16:24:08.800Z", "updated_at": "2023-04-26T16:24:08.813Z", "vendors": []}}, {"model": "orders.order", "pk": 4, "fields": {"user": 6, "payment": null, "order_number": "202304261753054", "first_name": "rishabh", "last_name": "sinha", "phone": "874482017", "email": "rishabh566@live.com", "address": "Dublin, Ireland", "country": "Ireland", "city": "Dublin", "eir_code": "D09WK79", "total": 12.12, "tax_data": "{\"Personal\": {\"1.00\": 0.12}}", "total_data": null, "total_tax": 0.12, "payment_method": "PayPal", "status": "New", "is_ordered": true, "created_at": "2023-04-26T16:53:05.759Z", "updated_at": "2023-04-26T16:53:57.030Z", "vendors": []}}, {"model": "orders.order", "pk": 5, "fields": {"user": 6, "payment": null, "order_number": "202304261802005", "first_name": "rishabh", "last_name": "sinha", "phone": "874482017", "email": "rishabh566@live.com", "address": "Dublin, Ireland", "country": "Ireland", "city": "Dublin", "eir_code": "D09WK79", "total": 24.24, "tax_data": "{\"Personal\": {\"1.00\": 0.24}}", "total_data": null, "total_tax": 0.24, "payment_method": "PayPal", "status": "New", "is_ordered": true, "created_at": "2023-04-26T17:02:00.098Z", "updated_at": "2023-04-26T17:19:41.636Z", "vendors": [2]}}, {"model": "orders.order", "pk": 6, "fields": {"user": 7, "payment": null, "order_number": "202304261823226", "first_name": "Rishabh", "last_name": "Sinha", "phone": "", "email": "rishabh.sinha2021@outlook.com", "address": "Shannon, County Clare, Ireland", "country": "Ireland", "city": "Dublin 9", "eir_code": "1234556", "total": 59.59, "tax_data": "{\"Personal\": {\"1.00\": 0.59}}", "total_data": null, "total_tax": 0.59, "payment_method": "PayPal", "status": "New", "is_ordered": true, "created_at": "2023-04-26T17:23:22.213Z", "updated_at": "2023-04-26T17:23:22.218Z", "vendors": []}}, {"model": "orders.order", "pk": 7, "fields": {"user": 7, "payment": null, "order_number": "202304261848127", "first_name": "Rishabh", "last_name": "Sinha", "phone": "", "email": "rishabh.sinha2021@outlook.com", "address": "Shannon, County Clare, Ireland", "country": "Ireland", "city": "Dublin 9", "eir_code": "1234556", "total": 59.59, "tax_data": "{\"Personal\": {\"1.00\": 0.59}}", "total_data": null, "total_tax": 0.59, "payment_method": "PayPal", "status": "New", "is_ordered": true, "created_at": "2023-04-26T17:48:12.457Z", "updated_at": "2023-04-26T17:48:12.463Z", "vendors": []}}, {"model": "orders.order", "pk": 8, "fields": {"user": 7, "payment": null, "order_number": "202304261852398", "first_name": "Rishabh", "last_name": "Sinha", "phone": "", "email": "rishabh.sinha2021@outlook.com", "address": "Shannon, County Clare, Ireland", "country": "Ireland", "city": "Dublin 9", "eir_code": "1234556", "total": 59.59, "tax_data": "{\"Personal\": {\"1.00\": 0.59}}", "total_data": null, "total_tax": 0.59, "payment_method": "PayPal", "status": "New", "is_ordered": true, "created_at": "2023-04-26T17:52:39.126Z", "updated_at": "2023-04-26T17:52:39.132Z", "vendors": []}}, {"model": "orders.order", "pk": 9, "fields": {"user": 7, "payment": null, "order_number": "202304261853489", "first_name": "Rishabh", "last_name": "Sinha", "phone": "", "email": "rishabh.sinha2021@outlook.com", "address": "Shannon, County Clare, Ireland", "country": "Ireland", "city": "Dublin 9", "eir_code": "1234556", "total": 59.59, "tax_data": "{\"Personal\": {\"1.00\": 0.59}}", "total_data": null, "total_tax": 0.59, "payment_method": "PayPal", "status": "New", "is_ordered": true, "created_at": "2023-04-26T17:53:48.373Z", "updated_at": "2023-04-26T17:53:48.377Z", "vendors": []}}, {"model": "orders.order", "pk": 10, "fields": {"user": 7, "payment": null, "order_number": "2023042618552010", "first_name": "Rishabh", "last_name": "Sinha", "phone": "", "email": "rishabh.sinha2021@outlook.com", "address": "Shannon, County Clare, Ireland", "country": "Ireland", "city": "Dublin 9", "eir_code": "1234556", "total": 59.59, "tax_data": "{\"Personal\": {\"1.00\": 0.59}}", "total_data": null, "total_tax": 0.59, "payment_method": "PayPal", "status": "New", "is_ordered": true, "created_at": "2023-04-26T17:55:20.519Z", "updated_at": "2023-04-26T17:55:20.523Z", "vendors": []}}, {"model": "orders.order", "pk": 11, "fields": {"user": 7, "payment": null, "order_number": "2023042618554311", "first_name": "Rishabh", "last_name": "Sinha", "phone": "", "email": "rishabh.sinha2021@outlook.com", "address": "Shannon, County Clare, Ireland", "country": "Ireland", "city": "Dublin 9", "eir_code": "1234556", "total": 59.59, "tax_data": "{\"Personal\": {\"1.00\": 0.59}}", "total_data": null, "total_tax": 0.59, "payment_method": "PayPal", "status": "New", "is_ordered": true, "created_at": "2023-04-26T17:55:43.229Z", "updated_at": "2023-04-26T17:55:43.233Z", "vendors": []}}, {"model": "orders.order", "pk": 12, "fields": {"user": 7, "payment": null, "order_number": "2023042618555412", "first_name": "Rishabh", "last_name": "Sinha", "phone": "", "email": "rishabh.sinha2021@outlook.com", "address": "Shannon, County Clare, Ireland", "country": "Ireland", "city": "Dublin 9", "eir_code": "1234556", "total": 59.59, "tax_data": "{\"Personal\": {\"1.00\": 0.59}}", "total_data": null, "total_tax": 0.59, "payment_method": "PayPal", "status": "New", "is_ordered": true, "created_at": "2023-04-26T17:55:54.626Z", "updated_at": "2023-04-26T17:55:54.629Z", "vendors": []}}, {"model": "orders.order", "pk": 13, "fields": {"user": 7, "payment": null, "order_number": "2023042618573613", "first_name": "Rishabh", "last_name": "Sinha", "phone": "", "email": "rishabh.sinha2021@outlook.com", "address": "Shannon, County Clare, Ireland", "country": "Ireland", "city": "Dublin 9", "eir_code": "1234556", "total": 59.59, "tax_data": "{\"Personal\": {\"1.00\": 0.59}}", "total_data": null, "total_tax": 0.59, "payment_method": "RazorPay", "status": "New", "is_ordered": true, "created_at": "2023-04-26T17:57:36.774Z", "updated_at": "2023-04-26T17:57:36.777Z", "vendors": []}}, {"model": "orders.order", "pk": 14, "fields": {"user": 7, "payment": null, "order_number": "2023042618590414", "first_name": "Rishabh", "last_name": "Sinha", "phone": "", "email": "rishabh.sinha2021@outlook.com", "address": "Shannon, County Clare, Ireland", "country": "Ireland", "city": "Dublin 9", "eir_code": "1234556", "total": 59.59, "tax_data": "{\"Personal\": {\"1.00\": 0.59}}", "total_data": null, "total_tax": 0.59, "payment_method": "RazorPay", "status": "New", "is_ordered": true, "created_at": "2023-04-26T17:59:04.939Z", "updated_at": "2023-04-26T17:59:04.943Z", "vendors": []}}, {"model": "orders.order", "pk": 15, "fields": {"user": 6, "payment": null, "order_number": "2023042619004115", "first_name": "rishabh", "last_name": "sinha", "phone": "874482017", "email": "rishabh566@live.com", "address": "Dublin, Ireland", "country": "Ireland", "city": "Dublin", "eir_code": "D09WK79", "total": 31.31, "tax_data": "{\"Personal\": {\"1.00\": 0.31}}", "total_data": null, "total_tax": 0.31, "payment_method": "PayPal", "status": "New", "is_ordered": true, "created_at": "2023-04-26T18:00:41.863Z", "updated_at": "2023-04-26T18:00:41.875Z", "vendors": []}}, {"model": "orders.order", "pk": 16, "fields": {"user": 6, "payment": null, "order_number": "2023042619011316", "first_name": "rishabh", "last_name": "sinha", "phone": "874482017", "email": "rishabh566@live.com", "address": "Dublin, Ireland", "country": "Ireland", "city": "Dublin", "eir_code": "D09WK79", "total": 31.31, "tax_data": "{\"Personal\": {\"1.00\": 0.31}}", "total_data": null, "total_tax": 0.31, "payment_method": "RazorPay", "status": "New", "is_ordered": true, "created_at": "2023-04-26T18:01:13.441Z", "updated_at": "2023-04-26T18:01:13.444Z", "vendors": []}}, {"model": "orders.orderedfood", "pk": 1, "fields": {"order": 6, "payment": null, "user": 7, "fooditem": 3, "quantity": 2, "price": 12.0, "amount": 24.0, "created_at": "2023-04-26T17:23:22.224Z", "updated_at": "2023-04-26T17:23:22.224Z"}}, {"model": "orders.orderedfood", "pk": 2, "fields": {"order": 6, "payment": null, "user": 7, "fooditem": 4, "quantity": 5, "price": 7.0, "amount": 35.0, "created_at": "2023-04-26T17:23:22.235Z", "updated_at": "2023-04-26T17:23:22.235Z"}}, {"model": "orders.orderedfood", "pk": 3, "fields": {"order": 7, "payment": null, "user": 7, "fooditem": 3, "quantity": 2, "price": 12.0, "amount": 24.0, "created_at": "2023-04-26T17:48:12.468Z", "updated_at": "2023-04-26T17:48:12.468Z"}}, {"model": "orders.orderedfood", "pk": 4, "fields": {"order": 7, "payment": null, "user": 7, "fooditem": 4, "quantity": 5, "price": 7.0, "amount": 35.0, "created_at": "2023-04-26T17:48:12.471Z", "updated_at": "2023-04-26T17:48:12.471Z"}}, {"model": "orders.orderedfood", "pk": 5, "fields": {"order": 8, "payment": null, "user": 7, "fooditem": 3, "quantity": 2, "price": 12.0, "amount": 24.0, "created_at": "2023-04-26T17:52:39.139Z", "updated_at": "2023-04-26T17:52:39.139Z"}}, {"model": "orders.orderedfood", "pk": 6, "fields": {"order": 8, "payment": null, "user": 7, "fooditem": 4, "quantity": 5, "price": 7.0, "amount": 35.0, "created_at": "2023-04-26T17:52:39.141Z", "updated_at": "2023-04-26T17:52:39.141Z"}}, {"model": "orders.orderedfood", "pk": 7, "fields": {"order": 9, "payment": null, "user": 7, "fooditem": 3, "quantity": 2, "price": 12.0, "amount": 24.0, "created_at": "2023-04-26T17:53:48.385Z", "updated_at": "2023-04-26T17:53:48.385Z"}}, {"model": "orders.orderedfood", "pk": 8, "fields": {"order": 9, "payment": null, "user": 7, "fooditem": 4, "quantity": 5, "price": 7.0, "amount": 35.0, "created_at": "2023-04-26T17:53:48.388Z", "updated_at": "2023-04-26T17:53:48.388Z"}}, {"model": "orders.orderedfood", "pk": 9, "fields": {"order": 10, "payment": null, "user": 7, "fooditem": 3, "quantity": 2, "price": 12.0, "amount": 24.0, "created_at": "2023-04-26T17:55:20.531Z", "updated_at": "2023-04-26T17:55:20.531Z"}}, {"model": "orders.orderedfood", "pk": 10, "fields": {"order": 10, "payment": null, "user": 7, "fooditem": 4, "quantity": 5, "price": 7.0, "amount": 35.0, "created_at": "2023-04-26T17:55:20.535Z", "updated_at": "2023-04-26T17:55:20.535Z"}}, {"model": "orders.orderedfood", "pk": 11, "fields": {"order": 11, "payment": null, "user": 7, "fooditem": 3, "quantity": 2, "price": 12.0, "amount": 24.0, "created_at": "2023-04-26T17:55:43.239Z", "updated_at": "2023-04-26T17:55:43.239Z"}}, {"model": "orders.orderedfood", "pk": 12, "fields": {"order": 11, "payment": null, "user": 7, "fooditem": 4, "quantity": 5, "price": 7.0, "amount": 35.0, "created_at": "2023-04-26T17:55:43.243Z", "updated_at": "2023-04-26T17:55:43.243Z"}}, {"model": "orders.orderedfood", "pk": 13, "fields": {"order": 12, "payment": null, "user": 7, "fooditem": 3, "quantity": 2, "price": 12.0, "amount": 24.0, "created_at": "2023-04-26T17:55:54.636Z", "updated_at": "2023-04-26T17:55:54.636Z"}}, {"model": "orders.orderedfood", "pk": 14, "fields": {"order": 12, "payment": null, "user": 7, "fooditem": 4, "quantity": 5, "price": 7.0, "amount": 35.0, "created_at": "2023-04-26T17:55:54.640Z", "updated_at": "2023-04-26T17:55:54.640Z"}}, {"model": "orders.orderedfood", "pk": 15, "fields": {"order": 13, "payment": null, "user": 7, "fooditem": 3, "quantity": 2, "price": 12.0, "amount": 24.0, "created_at": "2023-04-26T17:57:36.784Z", "updated_at": "2023-04-26T17:57:36.784Z"}}, {"model": "orders.orderedfood", "pk": 16, "fields": {"order": 13, "payment": null, "user": 7, "fooditem": 4, "quantity": 5, "price": 7.0, "amount": 35.0, "created_at": "2023-04-26T17:57:36.788Z", "updated_at": "2023-04-26T17:57:36.788Z"}}, {"model": "orders.orderedfood", "pk": 17, "fields": {"order": 14, "payment": null, "user": 7, "fooditem": 3, "quantity": 2, "price": 12.0, "amount": 24.0, "created_at": "2023-04-26T17:59:04.949Z", "updated_at": "2023-04-26T17:59:04.950Z"}}, {"model": "orders.orderedfood", "pk": 18, "fields": {"order": 14, "payment": null, "user": 7, "fooditem": 4, "quantity": 5, "price": 7.0, "amount": 35.0, "created_at": "2023-04-26T17:59:04.954Z", "updated_at": "2023-04-26T17:59:04.954Z"}}, {"model": "orders.orderedfood", "pk": 19, "fields": {"order": 15, "payment": null, "user": 6, "fooditem": 3, "quantity": 2, "price": 12.0, "amount": 24.0, "created_at": "2023-04-26T18:00:41.881Z", "updated_at": "2023-04-26T18:00:41.881Z"}}, {"model": "orders.orderedfood", "pk": 20, "fields": {"order": 15, "payment": null, "user": 6, "fooditem": 4, "quantity": 1, "price": 7.0, "amount": 7.0, "created_at": "2023-04-26T18:00:41.885Z", "updated_at": "2023-04-26T18:00:41.885Z"}}, {"model": "orders.orderedfood", "pk": 21, "fields": {"order": 16, "payment": null, "user": 6, "fooditem": 3, "quantity": 2, "price": 12.0, "amount": 24.0, "created_at": "2023-04-26T18:01:13.451Z", "updated_at": "2023-04-26T18:01:13.451Z"}}, {"model": "orders.orderedfood", "pk": 22, "fields": {"order": 16, "payment": null, "user": 6, "fooditem": 4, "quantity": 1, "price": 7.0, "amount": 7.0, "created_at": "2023-04-26T18:01:13.455Z", "updated_at": "2023-04-26T18:01:13.455Z"}}]